<?xml version="1.0" encoding="UTF-8" standalone="yes"?>
<addon id="script.module.simpleeval" name="simpleeval" version="0.9.1" provider-name="Daniel Fairhead">
	<requires>
		<import addon="xbmc.python" version="2.1.0"/>
	</requires>
	<extension point="xbmc.python.module" library="lib" />
	<extension point="xbmc.addon.metadata">
		<platform>all</platform>
		<language></language>
		<summary lang="en">A quick single file library for easily adding evaluatable expressions into python projects.</summary>
		<description lang="en">A quick single file library for easily adding evaluatable expressions into python projects.</description>
		<disclaimer lang="en">Code taken from https://pypi.python.org/pypi/simpleeval</disclaimer>
		<license>MIT License</license>
		<website>https://pypi.python.org/pypi/simpleeval</website>
		<source>https://pypi.python.org/pypi/simpleeval</source>
	</extension>
</addon>
