<?xml version="1.0" encoding="UTF-8" standalone="yes"?>
<addon id="repository.openmeta" name="OpenMeta Repository" version="1.1" provider-name="A4K">
	<extension point="xbmc.addon.repository" name="OpenMeta Repository">
		<dir>
            <info compressed="false">https://raw.githubusercontent.com/drinfernoo/drinfernoo.github.io/master/openmeta/zips/addons.xml</info>
            <checksum>https://raw.githubusercontent.com/drinfernoo/drinfernoo.github.io/master/openmeta/zips/addons.xml.md5</checksum>
            <datadir zip="true">https://raw.githubusercontent.com/drinfernoo/drinfernoo.github.io/master/openmeta/zips/</datadir>
        </dir>
	</extension>
	<extension point="xbmc.addon.metadata">
		<summary>OpenMeta Repository</summary>
		<description>The official home of OpenMeta and OpenInfo.</description>
		<disclaimer></disclaimer>
		<platform>all</platform>
	</extension>
</addon>