<?xml version="1.0" encoding="UTF-8" standalone="yes"?>
<addon id="repository.drinfernoo" name="[COLOR crimson]drinfernoo[/COLOR] Repository" version="1.2" provider-name="A4K">
	<extension point="xbmc.addon.repository" name="[COLOR crimson]drinfernoo[/COLOR] Repository">
		<dir>
            <info compressed="false">https://raw.githubusercontent.com/drinfernoo/drinfernoo.github.io/master/drinfernoo/zips/addons.xml</info>
            <checksum>https://raw.githubusercontent.com/drinfernoo/drinfernoo.github.io/master/drinfernoo/zips/addons.xml.md5</checksum>
            <datadir zip="true">https://raw.githubusercontent.com/drinfernoo/drinfernoo.github.io/master/drinfernoo/zips/</datadir>
        </dir>
	</extension>
	<extension point="xbmc.addon.metadata">
		<summary>[COLOR crimson]drinfernoo[/COLOR] Repository</summary>
		<description></description>
		<disclaimer></disclaimer>
		<platform>all</platform>
	</extension>
</addon>